{
    "F_KERNEL_A" : 2.709,
    "F_KERNEL_B" : 1.278,
    "CITY_SW_LAT" : 18.89395643371942,
    "CITY_NE_LAT" : 19.270176667777736,
    "CITY_SW_LON" : 72.97973149704592,
    "CITY_NE_LON" : 72.77633295153348,
    "NUM_DAYS" : 50,
    "SYMPTOMATIC_FRACTION" : 0.4,
    "SEED_FIXED_NUMBER" : true,
    "INIT_FIXED_NUMBER_INFECTED" : 100,
    "ENABLE_NBR_CELLS" : true,
    "INTERVENTION" : 0,
    "IGNORE_ATTENDANCE_FILE": true,
    "betas": {
	"H": 2.08232,
	"W": 0.28393,
	"C": 0.02460,
	"TRAVEL": 0
    }
}
