{
  "city": "wuhan",
  "maxWorkplaceDistance": 100,
  "age": {
    "bins": [
      "0-4",
      "5-9",
      "10-14",
      "15-19",
      "20-24",
      "25-29",
      "30-34",
      "35-39",
      "40-44",
      "45-49",
      "50-54",
      "55-59",
      "60-64",
      "65-69",
      "70-74",
      "75-79",
      "80+"
    ],
    "weights": [
      0.0361683154515692,
      0.03078641337471748,
      0.032882600056328856,
      0.08906391856919722,
      0.146958914659286,
      0.08598912991493032,
      0.07475932482186701,
      0.07716587221681961,
      0.0867105116322418,
      0.0838099623642926,
      0.06683189261376249,
      0.06205037551909031,
      0.04556579667561471,
      0.027839161819643733,
      0.02285560879139386,
      0.017110512122769157,
      0.013451689396475648
    ]
  },
  "householdSize": {
    "bins": [
      "1",
      "2",
      "3",
      "4",
      "5",
      "6",
      "7-10",
      "11-14",
      "15+"
    ],
    "weights": [
      0.1241573034,
      0.3025536261,
      0.2301327886,
      0.1861082737,
      0.08595505618,
      0.05137895812,
      0.01828396323,
      0.001430030644,
      0
    ]
  },
  "schoolsSize": {
    "bins": [
      "0-100",
      "100-200",
      "200-300",
      "300-400",
      "400-500",
      "500-600",
      "600-700",
      "700-800",
      "800-900",
      "900+"
    ],
    "weights": [
      0.0185,
      0.1204,
      0.2315,
      0.2315,
      0.1574,
      0.0889,
      0.063,
      0.0481,
      0.02035,
      0.02035
    ]
  }
}
