{"0":{"0":-0.3344387938,"1":-0.3313563599,"2":-0.2947398944,"3":-0.2492927957,"4":-0.2251457531,"5":-0.2354995245,"6":-0.2821852872,"7":-0.2657099954,"8":-0.2252719218,"9":-0.174346871,"10":-0.2105293229,"11":-0.2868370566,"12":-0.2277382553,"13":-0.2291886897,"14":-0.1522053226,"15":-0.1940442911},"1":{"0":0.2700611677,"1":-0.0311234453,"2":-0.3746065977,"3":-0.2471189854,"4":0.2734482743,"5":0.4195874853,"6":-0.0092283404,"7":-0.3395405347,"8":-0.2895838026,"9":-0.0622474921,"10":0.2358819711,"11":0.3502934493,"12":0.1380422992,"13":-0.0732056903,"14":-0.1520178995,"15":-0.2118875228},"2":{"0":-0.1564920866,"1":-0.3106204998,"2":-0.0724426563,"3":0.4176367124,"4":0.4216075047,"5":0.0071554005,"6":-0.3782483684,"7":-0.1287719196,"8":0.2098177045,"9":0.3926208851,"10":0.2804442986,"11":0.0008554673,"12":-0.1788263371,"13":-0.1816463136,"14":-0.0199718997,"15":0.1403608308},"3":{"0":-0.0568812218,"1":0.3311862816,"2":-0.0081272553,"3":0.1296840703,"4":0.0167902716,"5":-0.1293751176,"6":-0.3960339578,"7":-0.4708720603,"8":-0.2600049714,"9":-0.1196686642,"10":-0.0707741917,"11":-0.0100436127,"12":0.1713000967,"13":0.3997359883,"14":0.245490551,"15":0.3717280015},"4":{"0":-0.7471709483,"1":-0.0152236797,"2":-0.0494388606,"3":-0.0531543015,"4":-0.0040189702,"5":0.4861789968,"6":-0.0021867936,"7":0.1702224122,"8":0.0791729361,"9":-0.0934464895,"10":-0.0918208979,"11":0.1412685109,"12":0.3049027682,"13":0.0454626774,"14":-0.0682615886,"15":0.1666941657},"5":{"0":-0.1118907199,"1":0.669776208,"2":-0.0520604886,"3":-0.0671472847,"4":-0.0256401738,"5":-0.166945624,"6":-0.4010025131,"7":0.1457795515,"8":0.2140264288,"9":0.0180404651,"10":0.1830530602,"11":0.0812773724,"12":0.0053378797,"13":-0.1556675687,"14":-0.3380100226,"15":-0.3103537139},"6":{"0":-0.1872705904,"1":0.2823866336,"2":-0.2443348866,"3":-0.0113797866,"4":0.4176841754,"5":-0.2986522996,"6":0.3653826814,"7":0.0317822397,"8":-0.1012499552,"9":-0.2188690741,"10":-0.0954587696,"11":0.1666466007,"12":-0.211709322,"13":-0.4119075262,"14":0.201648454,"15":0.2774908294},"7":{"0":-0.0891646054,"1":0.1953016784,"2":-0.3261140223,"3":0.3163152072,"4":-0.1092467728,"5":0.1641591458,"6":0.3147781387,"7":0.0243477908,"8":-0.1897077039,"9":-0.0582226288,"10":0.447212236,"11":-0.5595942892,"12":-0.1150984844,"13":0.1594987116,"14":-0.1327042536,"15":0.0108962656},"8":{"0":0.2484339829,"1":0.039466345,"2":-0.2685571983,"3":0.1864200617,"4":-0.4237273118,"5":0.2884040332,"6":-0.2157606934,"7":0.1961429153,"8":0.0220203893,"9":-0.1146267595,"10":-0.1477155714,"11":0.2681085117,"12":-0.4222758738,"13":-0.1083888234,"14":-0.1142993188,"15":0.4143011874},"9":{"0":0.1134015246,"1":-0.134679148,"2":0.067838491,"3":-0.3105869155,"4":0.2413649859,"5":-0.0326704024,"6":-0.3668684512,"7":0.5894726476,"8":-0.3569954599,"9":-0.1747848731,"10":0.2690357627,"11":-0.1918282085,"12":0.0636795456,"13":0.012515321,"14":0.0973344128,"15":0.2137309872},"10":{"0":-0.2049544394,"1":0.0341520165,"2":-0.0615771907,"3":0.1177426803,"4":0.1352438478,"5":-0.006393738,"6":-0.0040320746,"7":0.2375569984,"8":-0.3271058777,"9":0.1871531105,"10":-0.1548745225,"11":0.2773455346,"12":-0.4555544243,"13":0.4718666085,"14":0.1575324691,"15":-0.4079892783},"11":{"0":-0.0058353324,"1":0.0563822091,"2":0.2051814483,"3":0.1473801984,"4":-0.0098904447,"5":-0.1023068402,"6":0.1096271246,"7":0.0387294427,"8":-0.5529529967,"9":0.4119492534,"10":-0.2150258152,"11":0.0421386581,"12":0.1743925937,"13":-0.1624537049,"14":-0.5407854243,"15":0.1901584325},"12":{"0":0.01133807,"1":-0.057064422,"2":-0.6046198959,"3":-0.1344895948,"4":-0.2374087715,"5":-0.3058338339,"6":0.0441824505,"7":0.1861427577,"8":0.0723617172,"9":0.4709035837,"10":0.0435104743,"11":0.1124087134,"12":0.3558814154,"13":0.0950076556,"14":0.2048387928,"15":0.0855085114},"13":{"0":-0.0469588667,"1":-0.1050844863,"2":-0.0318556701,"3":-0.3767895776,"4":0.1618304829,"5":-0.2132668801,"6":0.151724485,"7":-0.0858869337,"8":0.2685296024,"9":-0.0236047745,"10":0.1236508877,"11":0.0854506991,"12":-0.2420677074,"13":0.4758814798,"14":-0.5041941741,"15":0.3273679494},"14":{"0":-0.1786337256,"1":0.1449024794,"2":0.2967841685,"3":-0.4174470955,"4":-0.2894887453,"5":0.1328758114,"6":0.0702632059,"7":-0.1951090447,"8":-0.1257706218,"9":0.388842428,"10":0.3813372383,"11":0.0538711427,"12":-0.3098150157,"13":-0.1769267116,"14":0.2774715566,"15":0.1437721413},"15":{"0":-0.1510775772,"1":-0.2387692509,"2":0.1378508669,"3":0.2773213525,"4":-0.2947639012,"5":-0.3462513935,"6":0.0623311453,"7":0.0009341673,"8":-0.1469794316,"9":-0.3390900979,"10":0.4881652437,"11":0.4660704307,"12":0.1230692101,"13":-0.0132499143,"14":-0.0539614285,"15":-0.0569873789}}