{"0":{"0":-0.0066982293,"1":-0.8464864236,"2":-0.4159806266,"3":-0.2912456759,"4":-0.0317986753,"5":-0.0257003747,"6":-0.0703838229,"7":-0.0410248171,"8":-0.0337136068,"9":-0.0598891997,"10":-0.0874540374,"11":-0.0678156016,"12":-0.0154604075,"13":-0.0047702788,"14":-0.0004325405,"15":-0.0033022604},"1":{"0":-0.0013604769,"1":-0.4548659091,"2":0.3106220482,"3":0.8232304779,"4":0.0960993674,"5":0.0162278662,"6":0.0051498905,"7":0.0028857541,"8":0.0409088604,"9":0.0563495713,"10":0.0577660502,"11":0.0305887558,"12":0.0155373514,"13":-0.0014128354,"14":0.001065804,"15":0.0012072131},"2":{"0":-0.0019756809,"1":-0.2550503864,"2":0.8502916468,"3":-0.443467011,"4":-0.1009090969,"5":-0.0241205063,"6":0.0027268055,"7":0.005405057,"8":-0.0358772864,"9":-0.053516858,"10":-0.0006377949,"11":-0.0072188601,"12":-0.0163264733,"13":0.0006255022,"14":-0.0010003771,"15":-0.0037053455},"3":{"0":-0.1066922512,"1":0.0388101223,"2":-0.0261426201,"3":0.1401144576,"4":-0.7596998912,"5":-0.5925470881,"6":-0.1518436242,"7":-0.0951727295,"8":-0.0347739208,"9":-0.0335929233,"10":-0.0118575145,"11":-0.0473816041,"12":-0.0381459139,"13":-0.0119816213,"14":-0.0099124347,"15":-0.0021156038},"4":{"0":0.9043548743,"1":-0.039181165,"2":-0.024316023,"3":-0.0263848172,"4":-0.1684062571,"5":-0.0443433468,"6":0.0937382924,"7":0.1386112341,"8":0.0685484656,"9":0.2307574308,"10":0.0841132797,"11":0.2015065722,"12":0.1207360607,"13":0.0186514844,"14":0.0209643114,"15":0.0005706168},"5":{"0":0.334235691,"1":0.0774322009,"2":0.0566900183,"3":0.0431875625,"4":0.3699719797,"5":-0.2732774721,"6":-0.4660923339,"7":-0.4400581363,"8":-0.3146924368,"9":-0.2208726243,"10":-0.2166595156,"11":-0.202585742,"12":-0.0561412289,"13":-0.0701500339,"14":-0.1029460613,"15":-0.017018605},"6":{"0":0.1072864712,"1":0.0247429201,"2":0.0027418136,"3":0.1064072649,"4":-0.4135987272,"5":0.5940595612,"6":0.0660655148,"7":-0.1347989928,"8":-0.2435951568,"9":-0.2229294347,"10":-0.3951393034,"11":0.0827854365,"12":-0.26048142,"13":-0.1254574245,"14":-0.2648387048,"15":0.0654750441},"7":{"0":0.0269575921,"1":0.0017882058,"2":0.0098501056,"3":0.0163258351,"4":0.1231614887,"5":-0.2589323031,"6":0.3126454975,"7":0.4477728882,"8":-0.1004889595,"9":0.1054807385,"10":-0.2453967493,"11":-0.4184189738,"12":-0.0336904837,"13":-0.0931478358,"14":-0.5931625732,"15":-0.0165060894},"8":{"0":-0.0553613035,"1":0.0024954414,"2":-0.0007257674,"3":0.0383438402,"4":-0.0654573217,"5":0.0485402846,"6":0.1690747918,"7":0.0572894264,"8":-0.6579704842,"9":0.0641668926,"10":-0.1405911235,"11":-0.0840855958,"12":0.5420811921,"13":0.3714739807,"14":0.246895626,"15":0.016363108},"9":{"0":-0.0778242586,"1":0.0130108939,"2":0.0300726283,"3":-0.0085364732,"4":-0.0144836285,"5":0.0206570748,"6":-0.1843857677,"7":-0.0745415793,"8":0.4548677636,"9":-0.0321296875,"10":-0.4695833247,"11":0.1961126855,"12":0.6576347076,"13":-0.0529903242,"14":-0.2244935088,"15":-0.0033788237},"10":{"0":0.007602939,"1":-0.0099600644,"2":-0.0327235214,"3":-0.005360926,"4":-0.0924427984,"5":0.1697957553,"6":-0.2693665172,"7":0.1080373886,"8":-0.1192458699,"9":-0.3413003617,"10":0.6469873851,"11":-0.000853148,"12":0.297960246,"13":0.0504553276,"14":-0.4861423889,"15":-0.0133179349},"11":{"0":-0.0211483706,"1":-0.0093876547,"2":-0.0061969959,"3":-0.0156886644,"4":-0.0428572594,"5":0.0395242072,"6":0.2438413643,"7":-0.2563143651,"8":-0.1353211453,"9":0.1365153067,"10":0.1871902025,"11":-0.1734977284,"12":0.292569276,"13":-0.8187618154,"14":0.1110300741,"15":0.015500487},"12":{"0":0.17665874,"1":0.0253661994,"2":0.0134206231,"3":0.0446171944,"4":-0.1273747541,"5":0.1585138635,"6":0.1911612545,"7":-0.1703394232,"8":0.3838009118,"9":-0.3165690616,"10":0.0433991388,"11":-0.7111609225,"12":0.0979760461,"13":0.226499266,"14":0.2069587785,"15":0.0135169716},"13":{"0":0.0547889922,"1":0.0260450476,"2":0.0075726647,"3":0.0502702131,"4":-0.023857735,"5":0.0544605901,"6":-0.3786674806,"7":0.6637977016,"8":-0.0392209619,"9":-0.3283086541,"10":-0.1476372485,"11":-0.0937395577,"12":0.0181167075,"13":-0.3210712034,"14":0.4025183618,"15":-0.0289672753},"14":{"0":0.054043707,"1":-0.0125779391,"2":-0.0251432322,"3":0.0249523014,"4":0.1330090754,"5":-0.2931003036,"6":0.5187680027,"7":-0.0270714999,"8":-0.0104016425,"9":-0.6909294842,"10":-0.0239827734,"11":0.3719399141,"12":0.0194703192,"13":-0.0451425167,"14":0.0447197294,"15":-0.0372954561},"15":{"0":0.0006283376,"1":-0.0034147178,"2":0.0011870893,"3":-0.0079825779,"4":0.0399099858,"5":-0.0600555029,"6":-0.0127133454,"7":0.0332050901,"8":0.0146884654,"9":-0.0270162146,"10":0.0184449763,"11":0.0092450943,"12":0.0080073928,"13":-0.0015108992,"14":0.0033077283,"15":0.9959972282}}