{"0":{"0":-0.0029330967,"1":-0.003198623,"2":-0.0108453043,"3":-0.1218885077,"4":-0.2495219123,"5":-0.3568826094,"6":-0.370469059,"7":-0.4101045575,"8":-0.4303230389,"9":-0.3364639217,"10":-0.3550958716,"11":-0.226343617,"12":-0.1193184034,"13":-0.0000398846,"14":-0.0000213331,"15":-0.0000250066},"1":{"0":-0.0070033511,"1":-0.0016206302,"2":-0.0063007754,"3":0.3489434097,"4":0.4888687067,"5":0.5340740005,"6":0.1457233775,"7":-0.0831104263,"8":-0.2260300318,"9":-0.1982118338,"10":-0.4233546558,"11":-0.2082953575,"12":-0.1130627998,"13":-0.0000053395,"14":-0.0000057462,"15":0.0000625274},"2":{"0":0.0035251656,"1":-0.0123166573,"2":0.0179932153,"3":0.7472881716,"4":0.1991331049,"5":-0.2520439558,"6":-0.494697598,"7":-0.0712840016,"8":0.0240781019,"9":0.1105450027,"10":0.2583742887,"11":0.09148259,"12":0.0126069655,"13":0.000031115,"14":0.0000403263,"15":-0.0000797764},"3":{"0":-0.0067213141,"1":0.0040650951,"2":0.0082809393,"3":0.1782944164,"4":-0.0461327232,"5":-0.4245530202,"6":0.1103403803,"7":0.6949776088,"8":0.0595962096,"9":0.063236257,"10":-0.4246309152,"11":-0.2542462989,"12":-0.1950262966,"13":-0.000245395,"14":-0.0000182421,"15":0.0001038154},"4":{"0":0.0218185047,"1":-0.0152016527,"2":-0.08795683,"3":-0.2229160599,"4":-0.0711318827,"5":0.4306186077,"6":-0.679556298,"7":0.403892155,"8":0.1699972429,"9":-0.2329412053,"10":0.0861508689,"11":-0.1836881356,"12":-0.0460775837,"13":-0.0000324375,"14":-0.0000896467,"15":0.0000051713},"5":{"0":0.0113340047,"1":0.0147844132,"2":0.0173087697,"3":-0.0215618951,"4":0.1080286336,"5":-0.1142829799,"6":0.0661480221,"7":-0.3621921525,"8":0.6807315889,"9":-0.052308231,"10":0.0573042222,"11":-0.5395546114,"12":-0.2793998456,"13":-0.0001546889,"14":-0.0002306179,"15":-0.0000264426},"6":{"0":0.0097200078,"1":-0.0523311906,"2":-0.0784583006,"3":-0.3928025853,"4":0.7404704324,"5":-0.3402864932,"6":-0.1614467245,"7":0.0332352241,"8":0.0446388023,"9":-0.0304737135,"10":-0.0908788343,"11":0.0519644404,"12":0.3627337577,"13":-0.0001293733,"14":0.0000350195,"15":0.0002756061},"7":{"0":0.041986558,"1":-0.0482089936,"2":-0.2182507149,"3":-0.0877440141,"4":0.0288266862,"5":0.0661104594,"6":-0.0305840219,"7":-0.0030304217,"8":-0.3930026537,"9":0.6146725517,"10":0.2264934609,"11":-0.5868601621,"12":0.0803548869,"13":-0.0001417905,"14":0.000005375,"15":0.0000390468},"8":{"0":0.027517502,"1":-0.0154495512,"2":0.898484286,"3":-0.0334349349,"4":-0.0493402902,"5":0.0841077734,"6":-0.1267490308,"7":-0.0236073892,"8":0.0337746157,"9":0.2136943852,"10":-0.1566698668,"11":-0.1338359242,"12":0.2742576435,"13":-0.0004030689,"14":-0.0002208726,"15":-0.0000326649},"9":{"0":-0.0777936854,"1":0.0786562701,"2":-0.2446701749,"3":0.2379639993,"4":-0.2654898267,"5":0.0248943136,"6":0.1035743539,"7":-0.0092477376,"8":0.1674272364,"9":-0.2200650274,"10":-0.1138512576,"11":-0.2494123522,"12":0.7985759452,"13":-0.0001294837,"14":0.000674994,"15":-0.000305347},"10":{"0":-0.2191041113,"1":0.0913006843,"2":0.2640510749,"3":0.0140628851,"4":0.1255388364,"5":-0.1263616242,"6":0.2314977483,"7":0.1970428985,"8":-0.2813735737,"9":-0.5150039863,"10":0.5720618302,"11":-0.2781038359,"12":-0.0239220029,"13":-0.0042078692,"14":-0.002376348,"15":0.0004210352},"11":{"0":0.9708054046,"1":0.0296264599,"2":0.0264557803,"3":0.0368660644,"4":0.0018463689,"5":-0.0359594632,"6":0.0841076138,"7":0.0425936585,"8":-0.0488708193,"9":-0.1628278195,"10":0.1049716066,"11":-0.047976362,"12":0.0454449774,"13":0.0090636901,"14":0.0063535469,"15":-0.0023521166},"12":{"0":-0.0106787114,"1":0.2058874814,"2":-0.000311027,"3":-0.009046663,"4":0.0108686762,"5":0.0005883442,"6":-0.0130922502,"7":-0.0018457478,"8":-0.0030028943,"9":0.0200660281,"10":-0.0068574335,"11":0.0043126543,"12":-0.0073796063,"13":0.6461800972,"14":0.7241241924,"15":0.1211807505},"13":{"0":0.0026965426,"1":0.9133971955,"2":-0.0075538343,"3":-0.0379154695,"4":0.0452661175,"5":0.0036537549,"6":-0.0582242878,"7":-0.0102636853,"8":-0.010450893,"9":0.0908768596,"10":-0.0366586971,"11":0.0234687914,"12":-0.0286530459,"13":0.0468150533,"14":-0.3368942889,"15":0.1785300797},"14":{"0":0.0044180842,"1":0.1710214678,"2":-0.0017970358,"3":-0.0070311372,"4":0.0082305474,"5":0.0009045648,"6":-0.0110624339,"7":-0.0022650203,"8":-0.0016340875,"9":0.0173503807,"10":-0.0073558852,"11":0.0049505028,"12":-0.0055881044,"13":-0.739491691,"14":0.5529008886,"15":0.3428155494},"15":{"0":-0.0018026222,"1":0.2696944826,"2":-0.0021216373,"3":-0.0115462966,"4":0.0137477097,"5":0.0010796711,"6":-0.0173722917,"7":-0.0029996787,"8":-0.0031334899,"9":0.0271685696,"10":-0.0108971768,"11":0.0070542208,"12":-0.0089799638,"13":-0.1825144137,"14":0.2374877167,"15":-0.9142832338}}