{"0":{"0":-0.0008929044,"1":0.001705673,"2":0.0029458734,"3":0.0030293379,"4":-0.0012848418,"5":0.0004802397,"6":-0.0106130243,"7":-0.0024092642,"8":0.0060466241,"9":0.0161724926,"10":-0.1683085154,"11":-0.529203454,"12":0.1115673504,"13":0.6893790551,"14":-0.1170097951,"15":0.4356534235},"1":{"0":-0.002489451,"1":0.0065595303,"2":-0.0025749939,"3":0.0091725842,"4":-0.0129999675,"5":-0.0096111095,"6":-0.0087510734,"7":-0.0211590354,"8":-0.0032304434,"9":0.0162707124,"10":0.0808597329,"11":0.8326074929,"12":0.0520213781,"13":0.4586893536,"14":-0.0525086631,"15":0.2883857443},"2":{"0":-0.0256549484,"1":-0.0137808019,"2":0.0300699056,"3":-0.1089411939,"4":-0.1304139756,"5":-0.2541330367,"6":0.0435735398,"7":-0.2441930191,"8":0.8893008936,"9":-0.228772202,"10":0.0079270672,"11":-0.0014326894,"12":-0.0002126935,"13":-0.001008671,"14":0.000275176,"15":-0.0006416051},"3":{"0":-0.1162755095,"1":0.2669490554,"2":0.6956463741,"3":0.2724788657,"4":-0.0737376171,"5":-0.3084568865,"6":-0.4689535872,"7":0.1204078452,"8":-0.0628439381,"9":-0.1207595312,"10":-0.0572122611,"11":0.0069906572,"12":-0.0017767054,"13":-0.0116579709,"14":0.0019832004,"15":-0.0073388938},"4":{"0":-0.2218987038,"1":0.5710583788,"2":0.35535427,"3":-0.1120289165,"4":-0.1191168172,"5":0.3477660824,"6":0.5332736653,"7":-0.2023284596,"8":0.0115869191,"9":0.1374618403,"10":0.0779314048,"11":-0.0150205961,"12":0.0010602867,"13":0.0057889115,"14":-0.0012583192,"15":0.003651113},"5":{"0":-0.3609291272,"1":0.4774428154,"2":-0.3047783245,"3":-0.4103962545,"4":0.4685865248,"5":-0.091156736,"6":-0.305983974,"7":0.2226319292,"8":0.0863895979,"9":0.0405749505,"10":-0.0144096248,"11":0.0085047971,"12":-0.0002091567,"13":-0.0001287222,"14":0.0001937532,"15":-0.0000667558},"6":{"0":-0.4004477249,"1":0.1175619785,"2":-0.3571466212,"3":-0.006692929,"4":-0.7052737759,"5":0.0889113171,"6":-0.3008359947,"7":-0.1934585413,"8":-0.163636057,"9":-0.187655653,"10":0.0503654851,"11":-0.02094024,"12":0.0001666575,"13":-0.002788834,"14":0.0000383943,"15":-0.0017568451},"7":{"0":-0.4377255542,"1":0.0373425041,"2":-0.23422407,"3":0.6010760974,"4":0.0986284768,"5":-0.3186287906,"6":0.4323700403,"7":0.2708486526,"8":0.0121590341,"9":-0.1332629695,"10":-0.0368331701,"11":0.004729485,"12":0.0002690191,"13":0.0023603904,"14":-0.0001879938,"15":0.0014727599},"8":{"0":-0.464499423,"1":-0.3069975062,"2":0.0788794544,"3":0.2295438245,"4":0.3200544862,"5":0.154401198,"6":-0.2124684309,"7":-0.5553036486,"8":0.0548028219,"9":0.3839382011,"10":0.0235737445,"11":-0.0106785843,"12":-0.0017872437,"13":-0.0123924027,"14":0.0014820056,"15":-0.0077649072},"9":{"0":-0.3738883178,"1":-0.3885303941,"2":0.2291756367,"3":-0.1701713608,"4":-0.1708863967,"5":0.3908423863,"6":-0.0145092598,"7":0.6065949026,"8":0.2394408941,"9":0.1174663183,"10":-0.0757531976,"11":0.0278274771,"12":-0.000699719,"13":-0.0001626797,"14":0.0005912475,"15":-0.0000968759},"10":{"0":-0.2815618796,"1":-0.3028559771,"2":0.219041019,"3":-0.3738205248,"4":0.2074488412,"5":-0.0956416262,"6":0.1862273375,"7":-0.1779378157,"8":-0.2903917666,"9":-0.6559840028,"10":0.0847201819,"11":-0.0096575753,"12":0.0041354434,"13":0.0241671243,"14":-0.0036086899,"15":0.0151076127},"11":{"0":-0.1333552747,"1":-0.14931502,"2":0.082783418,"3":-0.3666322466,"4":-0.2412763715,"5":-0.6383290427,"6":0.1846197227,"7":0.0169032839,"8":-0.1451706242,"9":0.515126176,"10":0.1755479359,"11":-0.0360686902,"12":0.0013395358,"13":0.0057858164,"14":-0.0019233234,"15":0.0037676227},"12":{"0":-0.0416054628,"1":-0.0027757984,"2":0.0000498967,"3":-0.1251850118,"4":-0.0599761712,"5":-0.091044088,"6":0.0917774211,"7":-0.1259528621,"8":-0.0699164723,"9":0.0464867317,"10":-0.9525410158,"11":0.151113891,"12":-0.0150205456,"13":-0.0790883883,"14":0.0152781828,"15":-0.0498344068},"13":{"0":-0.0000101507,"1":0.0000016088,"2":0.0000049401,"3":-0.0000231717,"4":-0.0000296623,"5":-0.0000576315,"6":0.0000264244,"7":0.000001807,"8":0.000108883,"9":0.0005688107,"10":-0.0004554623,"11":0.0010061706,"12":0.5429884778,"13":0.3813494808,"14":0.3949811006,"15":-0.6353931506},"14":{"0":-0.0000066609,"1":0.0000012357,"2":0.000014255,"3":-0.0000182686,"4":0.000011101,"5":-0.0000105264,"6":0.0000673196,"7":0.0000228047,"8":0.0001777883,"9":-0.0000645157,"10":-0.0002863204,"11":0.0278955339,"12":0.604678257,"13":-0.1667996674,"14":-0.7755528435,"15":-0.0654337751},"15":{"0":-0.0000049376,"1":-0.0000120105,"2":0.0000065227,"3":-0.0000181821,"4":0.0000043102,"5":-0.0000042853,"6":0.0000631529,"7":-0.0000166545,"8":0.0000786208,"9":0.0004135686,"10":-0.0001693553,"11":0.0012379175,"12":0.5693167432,"13":-0.3659250471,"14":0.4751851303,"15":0.5622940997}}