{"0":{"0":-0.0084577498,"1":-0.0023386746,"2":-0.0047629147,"3":-0.1039025975,"4":0.9326622787,"5":0.3293131808,"6":0.0751560161,"7":-0.0324131802,"8":-0.0527705917,"9":0.0159900643,"10":-0.0023064331,"11":-0.0166720127,"12":0.0267031558,"13":0.0006998709,"14":0.0070411598,"15":0.0035502709},"1":{"0":-0.8800729736,"1":-0.4323396439,"2":-0.1927001199,"3":0.0183423844,"4":-0.0180795322,"5":0.0261820447,"6":0.0069091739,"7":-0.003370827,"8":-0.001210433,"9":0.0005442816,"10":-0.0001860967,"11":-0.0027461398,"12":0.0004536671,"13":-0.0000538873,"14":0.0015458282,"15":0.0009002699},"2":{"0":-0.3961868178,"1":0.4526477502,"2":0.7983932767,"3":0.0052316229,"4":-0.0064902509,"5":0.0230893204,"6":0.0082017019,"7":0.0026805165,"8":0.0015545889,"9":-0.0025085376,"10":-0.0033155477,"11":-0.002265344,"12":0.0011084884,"13":-0.0017225887,"14":0.0024715945,"15":0.0014118412},"3":{"0":-0.2565409531,"1":0.7793945862,"2":-0.5701461221,"3":0.0332859581,"4":-0.0072758906,"5":0.0189336699,"6":0.01029094,"7":0.0011829634,"8":-0.0015591924,"9":0.0009743702,"10":-0.0041075278,"11":-0.0030161262,"12":0.0013712495,"13":-0.0009926595,"14":0.0019842713,"15":0.0011769841},"4":{"0":-0.0116076781,"1":0.0156399101,"2":-0.017368703,"3":-0.9295547046,"4":-0.1964885899,"5":0.284478491,"6":-0.1156809327,"7":0.0219662222,"8":-0.0307050172,"9":0.0032085538,"10":-0.0160777932,"11":-0.0177430626,"12":0.004623351,"13":-0.0052143437,"14":0.0154033396,"15":0.0058678195},"5":{"0":-0.020423518,"1":0.0071074301,"2":-0.0036522546,"3":-0.2863160993,"4":0.0969608835,"5":-0.5353030476,"6":0.7655445161,"7":-0.1350553785,"8":0.0946230026,"9":-0.0183817764,"10":-0.0352964349,"11":0.0631078352,"12":0.0195663957,"13":-0.0390388229,"14":-0.0290064731,"15":-0.0049900844},"6":{"0":-0.0229111653,"1":0.005587308,"2":-0.0049647095,"3":-0.1056579782,"4":0.1807865438,"5":-0.3716047358,"6":-0.2611542899,"7":0.6005744571,"8":0.2574378903,"9":-0.4650884543,"10":-0.1989647453,"11":-0.0857828421,"12":-0.0250655319,"13":-0.1368309499,"14":0.1754548684,"15":0.0944875857},"7":{"0":-0.0244642181,"1":0.0116950497,"2":-0.0012017033,"3":-0.1097211789,"4":0.1462671745,"5":-0.297501052,"6":-0.2830747655,"7":0.1557981523,"8":0.349917575,"9":0.5240751158,"10":0.1519518088,"11":0.309957783,"12":-0.2039639127,"13":0.2841570112,"14":-0.2985231726,"15":-0.2125944784},"8":{"0":-0.0228801553,"1":0.0097158686,"2":0.0014134736,"3":-0.1001894751,"4":0.1162117107,"5":-0.4586450753,"6":-0.2532095641,"7":0.0073635324,"8":-0.7014359492,"9":0.2840627226,"10":-0.053902631,"11":-0.3020824535,"12":0.1462856891,"13":0.0758944076,"14":0.0714698718,"15":0.0467083476},"9":{"0":-0.0167026503,"1":0.0114653,"2":-0.001510709,"3":-0.0788567481,"4":0.084945059,"5":-0.2230049126,"6":-0.2536927569,"7":-0.3692130497,"8":0.0015708147,"9":-0.4564047596,"10":0.6927768312,"11":0.1343202084,"12":0.1604775286,"13":0.0582344067,"14":-0.0077015091,"15":-0.0158344366},"10":{"0":-0.0110436547,"1":0.0051887714,"2":-0.0003453955,"3":-0.0328540509,"4":0.0647639889,"5":-0.1506643488,"6":-0.2955367996,"7":-0.4598900193,"8":-0.0164512799,"9":-0.0832252728,"10":-0.5247492962,"11":0.421729783,"12":0.0334363497,"13":-0.4234936836,"14":-0.1791145232,"15":-0.0086504342},"11":{"0":-0.0045504808,"1":0.0038025323,"2":-0.0000679866,"3":-0.0315346477,"4":0.0471191261,"5":-0.0953393782,"6":-0.1174329946,"7":-0.4041818666,"8":0.1871325375,"9":-0.0653189206,"10":-0.0874902225,"11":-0.5029441277,"12":-0.6991401417,"13":0.092197833,"14":0.0671912531,"15":0.0938220194},"12":{"0":-0.0014834526,"1":0.0008280914,"2":-0.0001214856,"3":-0.0099352749,"4":0.0205702483,"5":-0.056487612,"6":-0.0876593258,"7":-0.1561419383,"8":0.3133982153,"9":0.4009757029,"10":0.1138638358,"11":0.0126073473,"12":0.1876763871,"13":-0.2721137719,"14":0.7571160593,"15":0.0979949443},"13":{"0":-0.0003755039,"1":0.0001459847,"2":-0.0001739129,"3":-0.0068463751,"4":0.0083295059,"5":-0.0228221539,"6":-0.0726258597,"7":-0.0918139018,"8":0.3654263289,"9":0.1466763279,"10":0.0035241307,"11":-0.4583413915,"12":0.4768265047,"13":-0.117812875,"14":-0.4641381742,"15":0.4047853303},"14":{"0":-0.0000574648,"1":-0.000018869,"2":-0.0000283988,"3":-0.0012633911,"4":0.0013360164,"5":-0.0097878785,"6":-0.0340980564,"7":-0.0948280914,"8":0.1496486687,"9":-0.0692877548,"10":-0.1196895454,"11":-0.3629426467,"12":0.264280225,"13":-0.0390858414,"14":0.006671207,"15":-0.8631807766},"15":{"0":-0.0000231601,"1":0.0000199459,"2":0.0000221441,"3":-0.0019900572,"4":0.0015463267,"5":-0.0147670545,"6":-0.0512673194,"7":-0.2054445239,"8":0.1309290173,"9":-0.1453973959,"10":-0.3776526856,"11":0.0995121188,"12":0.2952158573,"13":0.7826393746,"14":0.2202304313,"15":0.12631125}}