{"0":{"0":-0.3417717718,"1":0.3334379859,"2":-0.1493526888,"3":-0.1054870514,"4":0.8103730018,"5":-0.0548543646,"6":0.0666723872,"7":0.1620278925,"8":-0.1670995916,"9":-0.0735429095,"10":0.075145971,"11":-0.0051757336,"12":-0.032644088,"13":-0.0176140626,"14":0.0017251172,"15":-0.0882177268},"1":{"0":-0.4302116781,"1":-0.1606647188,"2":-0.4065871352,"3":-0.456119005,"4":-0.2087609244,"5":-0.4669581876,"6":-0.1171630414,"7":-0.2943654802,"8":-0.0718016384,"9":0.1923415192,"10":-0.0302902535,"11":-0.0051188851,"12":-0.0996952061,"13":0.0079347649,"14":0.0118640602,"15":0.0223727507},"2":{"0":-0.3953314922,"1":-0.5148188351,"2":-0.0397390287,"3":-0.2521099918,"4":-0.020453503,"5":0.3975407468,"6":0.1815727818,"7":0.433319981,"8":0.3254715897,"9":-0.1399582075,"10":-0.0081910271,"11":0.0624061974,"12":0.019659983,"13":-0.0290736933,"14":0.0110124479,"15":-0.0592394904},"3":{"0":-0.3520082985,"1":-0.2213655449,"2":0.6450986406,"3":-0.0655014302,"4":0.1006264686,"5":0.1978883039,"6":0.0090115234,"7":-0.4228060776,"8":-0.3765948037,"9":0.0686650642,"10":-0.0146437244,"11":0.0213612059,"12":0.0883960096,"13":0.0526133593,"14":0.0008915732,"15":0.1439479563},"4":{"0":-0.2913152848,"1":0.4112116309,"2":0.4325787037,"3":-0.1475339783,"4":-0.2373193179,"5":-0.1405386516,"6":-0.5284995204,"7":0.2734561427,"8":0.2429711097,"9":-0.1449884465,"10":0.0459198558,"11":-0.0438944043,"12":-0.0293899504,"13":-0.0371679937,"14":-0.0177737465,"15":-0.1426012514},"5":{"0":-0.3338843088,"1":0.4818927862,"2":-0.10049362,"3":0.086763444,"4":-0.4503060108,"5":0.1692903572,"6":0.5663539063,"7":-0.010135791,"8":-0.213451036,"9":-0.1225747942,"10":0.0743963077,"11":0.0742007479,"12":0.0567648785,"13":-0.0008181649,"14":-0.0127153757,"15":-0.106622934},"6":{"0":-0.2858310976,"1":0.1280436742,"2":-0.3237947135,"3":0.3711516961,"4":0.011773342,"5":0.5277266553,"6":-0.3845996398,"7":-0.3155224779,"8":0.2233266738,"9":0.2550465567,"10":0.0091955679,"11":-0.0399359951,"12":-0.1239376392,"13":0.0033011885,"14":0.0238046879,"15":0.0257363726},"7":{"0":-0.256163663,"1":-0.2487684164,"2":-0.1435235572,"3":0.5355880812,"4":-0.050046333,"5":-0.2454570183,"6":-0.184304188,"7":0.0689719887,"8":-0.2375446295,"9":-0.5919961336,"10":-0.2171453697,"11":-0.0345968978,"12":0.0271911304,"13":0.0362165015,"14":0.0110390237,"15":0.0784417848},"8":{"0":-0.1722088315,"1":-0.2073703278,"2":0.0961233656,"3":0.4341158062,"4":-0.0225616793,"5":-0.2864952311,"6":0.0354588259,"7":0.2390582927,"8":-0.059277668,"9":0.4567944832,"10":0.5170369998,"11":0.2253681334,"12":0.0359614837,"13":-0.1314067357,"14":-0.0568878591,"15":-0.1912077531},"9":{"0":-0.1140523621,"1":-0.0433297429,"2":0.2110055976,"3":0.2001471011,"4":0.0514773397,"5":-0.1896596608,"6":0.3272063193,"7":-0.0572129219,"8":0.2658455066,"9":0.1229803685,"10":-0.2089951303,"11":-0.5528251391,"12":-0.543664214,"13":0.0244554013,"14":-0.0192803384,"15":-0.141213284},"10":{"0":-0.116767427,"1":0.100714637,"2":0.1217434315,"3":0.1376384368,"4":0.1369564374,"5":-0.2621569671,"6":0.2355081321,"7":-0.2698954345,"8":0.6092838333,"9":-0.0846727253,"10":-0.117405868,"11":0.4638084146,"12":0.1619516639,"13":0.0041803029,"14":0.075289432,"15":0.2957231853},"11":{"0":-0.1067008494,"1":0.1131437155,"2":0.0070742346,"3":0.0818973196,"4":-0.0528191248,"5":-0.0268140622,"6":-0.0037979934,"7":0.4405882075,"8":-0.1617645819,"9":0.4674701318,"10":-0.5095518455,"11":-0.0128220738,"12":0.1094552197,"13":0.0644862727,"14":0.0337264849,"15":0.4996348388},"12":{"0":-0.066811913,"1":0.0200026439,"2":-0.0557495263,"3":0.0044593571,"4":-0.0020896371,"5":-0.0523338399,"6":0.047963995,"7":-0.0060627422,"8":0.1607460352,"9":-0.0673204332,"10":0.4516655087,"11":-0.5778079107,"12":0.4147993211,"13":0.1610419183,"14":-0.1547553885,"15":0.4435655752},"13":{"0":-0.0413891881,"1":-0.025335759,"2":-0.0127526154,"3":0.0505548893,"4":0.0481967741,"5":-0.0438575193,"6":0.0215540188,"7":-0.1167274061,"8":0.0914527517,"9":0.1254782367,"10":-0.3759760165,"11":-0.1982439902,"12":0.6005025425,"13":-0.3433783716,"14":-0.3036942927,"15":-0.4484206317},"14":{"0":-0.0174407934,"1":-0.0219791281,"2":0.0015955704,"3":0.0456058821,"4":0.0185604636,"5":-0.0434992148,"6":-0.0050169025,"7":0.0135981622,"8":0.0498230254,"9":0.1070199505,"10":-0.0865470464,"11":0.0111745433,"12":0.2326965451,"13":0.8629517814,"14":0.1999807392,"15":-0.3664790881},"15":{"0":-0.0092718647,"1":-0.0042782516,"2":0.0087259733,"3":0.0159129212,"4":-0.0073195181,"5":-0.0231872202,"6":0.0153044549,"7":-0.0118962724,"8":0.0009044331,"9":0.0229200276,"10":0.0314707063,"11":-0.2009857278,"12":0.1967909766,"13":-0.2876420404,"14":0.9121306952,"15":-0.0569257809}}