{
	"city": "new york",
	"maxWorkplaceDistance": 50,
	"age": {
		"bins": ["0-4", "5-9", "10-14", "15-19", "20-24", "25-29", "30-34", "35-39", "40-44", "45-49", "50-54", "55-59", "60-64", "65-69", "70-74", "75-79", "80+"],
		"weights": [0.06333, 0.05788, 0.05727, 0.06554, 0.07860, 0.08932, 0.08101, 0.07185, 0.06939, 0.06920, 0.06626, 0.05817, 0.05070, 0.03635, 0.02866, 0.02178, 0.03470]
    },
	"householdSize": {
		"bins": ["1", "2", "3", "4", "5", "6", "7+"],
		"weights": [0.32020, 0.27615, 0.15970, 0.12145, 0.06384, 0.02979, 0.02887]
	},
	"schoolsSize": {
		"bins": ["0-100", "100-200", "200-300", "300-400", "400-500", "500-600", "600-700", "700-800", "800-900", "900+"],
		"weights": [0.0185, 0.1204, 0.2315, 0.2315, 0.1574, 0.0889, 0.0630, 0.0481, 0.0278, 0.0130]
	}
}
