{
	"city": "sweden",
	"maxWorkplaceDistance": 60,
	"age": {
		"bins": ["0-4", "5-9", "10-14", "15-19", "20-24", "25-29", "30-34", "35-39", "40-44", "45-49", "50-54", "55-59", "60-64", "65-69", "70-74", "75-79", "80+"],
		"weights": [0.058263163, 0.060428818, 0.058970104, 0.055086332, 0.056905731, 0.071623299, 0.069318308, 0.062996117, 0.061123947, 0.064593198, 0.065625675, 0.06004383, 0.055036079, 0.052291779, 0.054263875, 0.041500296, 0.051929448]
	},
	"householdSize": {
		"bins": ["1", "2", "3", "4", "5", "6", "7"],
		"weights": [0.202734211, 0.326228679, 0.40079849, 0.017559655, 0.017559655, 0.017559655, 0.017559655]
	},
	"schoolsSize": {
		"bins": ["220"],
		"weights": [1]
	}
}