{
  "city": "Delhi",
  "age": {
    "bins": [
      "0-4",
      "5-9",
      "10-14",
      "15-19",
      "20-24",
      "25-29",
      "30-34",
      "35-39",
      "40-44",
      "45-49",
      "50-54",
      "55-59",
      "60-64",
      "65-69",
      "70-74",
      "75-79",
      "80+"
    ],
    "weights": [
      0.08317,
      0.0901,
      0.09604,
      0.1,
      0.10099,
      0.09604,
      0.09604,
      0.07624,
      0.06535,
      0.05347,
      0.04158,
      0.03168,
      0.02574,
      0.01782,
      0.01287,
      0.00792,
      0.00495
    ]
  },
  "householdSize": {
    "bins": [
      "1",
      "2",
      "3",
      "4",
      "5",
      "6-8",
      "9+"
    ],
    "weights": [
      0.03685,
      0.07555,
      0.12824,
      0.2404,
      0.2039,
      0.25558,
      0.05948
    ]
  },
  "schoolsSize": {
    "bins": [
      "0-100",
      "100-200",
      "200-300",
      "300-400",
      "400-500",
      "500-600",
      "600-700",
      "700-800",
      "800-900",
      "900+"
    ],
    "weights": [
      0.0185,
      0.1204,
      0.2315,
      0.2315,
      0.1574,
      0.0889,
      0.063,
      0.0481,
      0.0278,
      0.013
    ]
  },
  "maxWorkplaceDistance": 60
}